{
  "project_info": {
    "project_number": "498166321736",
    "firebase_url": "https://realtimet-5f4ac-default-rtdb.firebaseio.com",
    "project_id": "realtimet-5f4ac",
    "storage_bucket": "realtimet-5f4ac.appspot.com"
  },
  "client": [
    {
      "client_info": {
        "mobilesdk_app_id": "1:498166321736:android:98494ba258d56ef6687e7d",
        "android_client_info": {
          "package_name": "com.example.appuser"
        }
      },
      "oauth_client": [
        {
          "client_id": "498166321736-non2i87lask1vm79a354hd6htrukhv2c.apps.googleusercontent.com",
          "client_type": 3
        }
      ],
      "api_key": [
        {
          "current_key": "AIzaSyAqc5a4bdMxPRcZMjpu_srq_-HyiDmT6zc"
        }
      ],
      "services": {
        "appinvite_service": {
          "other_platform_oauth_client": [
            {
              "client_id": "498166321736-non2i87lask1vm79a354hd6htrukhv2c.apps.googleusercontent.com",
              "client_type": 3
            }
          ]
        }
      }
    },
    {
      "client_info": {
        "mobilesdk_app_id": "1:498166321736:android:aa5d49d4d93b88ee687e7d",
        "android_client_info": {
          "package_name": "com.example.map"
        }
      },
      "oauth_client": [
        {
          "client_id": "498166321736-non2i87lask1vm79a354hd6htrukhv2c.apps.googleusercontent.com",
          "client_type": 3
        }
      ],
      "api_key": [
        {
          "current_key": "AIzaSyAqc5a4bdMxPRcZMjpu_srq_-HyiDmT6zc"
        }
      ],
      "services": {
        "appinvite_service": {
          "other_platform_oauth_client": [
            {
              "client_id": "498166321736-non2i87lask1vm79a354hd6htrukhv2c.apps.googleusercontent.com",
              "client_type": 3
            }
          ]
        }
      }
    }
  ],
  "configuration_version": "1"
}